test,case,status,tasks,max_sim_complete_us,avg_flow_fct_us,stats_path
test01_tp_all_gather,case01_standard,OK,72,40.448644,39.796708,test01_tp_all_gather/case01_standard/output/task_statistics.csv
test01_tp_all_gather,case02_host_l1_lane_down,OK,72,41.168776,39.839745,test01_tp_all_gather/case02_host_l1_lane_down/output/task_statistics.csv
test01_tp_all_gather,case03_host_l1_port_down,OK,72,41.765798,39.855699,test01_tp_all_gather/case03_host_l1_port_down/output/task_statistics.csv
test01_tp_all_gather,case04_l1_l2_lane_down,OK,72,41.168776,39.839745,test01_tp_all_gather/case04_l1_l2_lane_down/output/task_statistics.csv
test01_tp_all_gather,case05_l1_l2_port_down,OK,72,41.765798,39.855699,test01_tp_all_gather/case05_l1_l2_port_down/output/task_statistics.csv
test02_cp_all_to_all,case01_standard,OK,216,207.177201,204.484752,test02_cp_all_to_all/case01_standard/output/task_statistics.csv
test02_cp_all_to_all,case02_host_l1_lane_down,OK,216,211.010142,204.682912,test02_cp_all_to_all/case02_host_l1_lane_down/output/task_statistics.csv
test02_cp_all_to_all,case03_host_l1_port_down,OK,216,261.120598,206.317872,test02_cp_all_to_all/case03_host_l1_port_down/output/task_statistics.csv
test02_cp_all_to_all,case04_l1_l2_lane_down,OK,216,211.010142,204.682912,test02_cp_all_to_all/case04_l1_l2_lane_down/output/task_statistics.csv
test02_cp_all_to_all,case05_l1_l2_port_down,OK,216,261.120598,206.317872,test02_cp_all_to_all/case05_l1_l2_port_down/output/task_statistics.csv
test03_tp_reduce_scatter,case01_standard,OK,72,183.918353,183.161522,test03_tp_reduce_scatter/case01_standard/output/task_statistics.csv
test03_tp_reduce_scatter,case02_host_l1_lane_down,OK,72,187.821797,183.295701,test03_tp_reduce_scatter/case02_host_l1_lane_down/output/task_statistics.csv
test03_tp_reduce_scatter,case03_host_l1_port_down,OK,72,191.217813,183.389650,test03_tp_reduce_scatter/case03_host_l1_port_down/output/task_statistics.csv
test03_tp_reduce_scatter,case04_l1_l2_lane_down,OK,72,187.821797,183.295701,test03_tp_reduce_scatter/case04_l1_l2_lane_down/output/task_statistics.csv
test03_tp_reduce_scatter,case05_l1_l2_port_down,OK,72,191.217813,183.389650,test03_tp_reduce_scatter/case05_l1_l2_port_down/output/task_statistics.csv
test04_tp_reduce_scatter,case01_standard,OK,72,92.878504,92.046132,test04_tp_reduce_scatter/case01_standard/output/task_statistics.csv
test04_tp_reduce_scatter,case02_host_l1_lane_down,OK,72,94.037406,92.109347,test04_tp_reduce_scatter/case02_host_l1_lane_down/output/task_statistics.csv
test04_tp_reduce_scatter,case03_host_l1_port_down,OK,72,96.164079,92.168153,test04_tp_reduce_scatter/case03_host_l1_port_down/output/task_statistics.csv
test04_tp_reduce_scatter,case04_l1_l2_lane_down,OK,72,94.037406,92.109347,test04_tp_reduce_scatter/case04_l1_l2_lane_down/output/task_statistics.csv
test04_tp_reduce_scatter,case05_l1_l2_port_down,OK,72,96.164079,92.168153,test04_tp_reduce_scatter/case05_l1_l2_port_down/output/task_statistics.csv
test05_ep_all_to_all,case01_standard,OK,216,688.776470,609.567011,test05_ep_all_to_all/case01_standard/output/task_statistics.csv
test05_ep_all_to_all,case02_host_l1_lane_down,OK,216,688.776470,610.242335,test05_ep_all_to_all/case02_host_l1_lane_down/output/task_statistics.csv
test05_ep_all_to_all,case03_host_l1_port_down,OK,216,853.753603,613.586629,test05_ep_all_to_all/case03_host_l1_port_down/output/task_statistics.csv
test05_ep_all_to_all,case04_l1_l2_lane_down,OK,216,688.776470,610.242335,test05_ep_all_to_all/case04_l1_l2_lane_down/output/task_statistics.csv
test05_ep_all_to_all,case05_l1_l2_port_down,OK,216,853.753603,613.586629,test05_ep_all_to_all/case05_l1_l2_port_down/output/task_statistics.csv
test06_pp_send_recv,case01_standard,OK,152,439.997089,394.881336,test06_pp_send_recv/case01_standard/output/task_statistics.csv
test06_pp_send_recv,case02_host_l1_lane_down,OK,152,429.036068,395.047511,test06_pp_send_recv/case02_host_l1_lane_down/output/task_statistics.csv
test06_pp_send_recv,case03_host_l1_port_down,OK,152,444.806089,394.305376,test06_pp_send_recv/case03_host_l1_port_down/output/task_statistics.csv
test06_pp_send_recv,case04_l1_l2_lane_down,OK,152,426.566097,395.312203,test06_pp_send_recv/case04_l1_l2_lane_down/output/task_statistics.csv
test06_pp_send_recv,case05_l1_l2_port_down,OK,152,428.881093,394.674506,test06_pp_send_recv/case05_l1_l2_port_down/output/task_statistics.csv
test07_dp_reduce_scatter,case01_standard,OK,6840,4277.701566,151.780808,test07_dp_reduce_scatter/case01_standard/output/task_statistics.csv
test07_dp_reduce_scatter,case02_host_l1_lane_down,OK,6840,4151.511902,144.348042,test07_dp_reduce_scatter/case02_host_l1_lane_down/output/task_statistics.csv
test07_dp_reduce_scatter,case03_host_l1_port_down,OK,6840,3893.865915,146.533690,test07_dp_reduce_scatter/case03_host_l1_port_down/output/task_statistics.csv
test07_dp_reduce_scatter,case04_l1_l2_lane_down,MISSING,,,,test07_dp_reduce_scatter/case04_l1_l2_lane_down/output/task_statistics.csv
test07_dp_reduce_scatter,case05_l1_l2_port_down,OK,24624,97.965147,4.958592,test07_dp_reduce_scatter/case05_l1_l2_port_down/output/task_statistics.csv
test08_dp_all_gather,case01_standard,OK,6840,2364.243686,111.393828,test08_dp_all_gather/case01_standard/output/task_statistics.csv
test08_dp_all_gather,case02_host_l1_lane_down,OK,6840,2244.228243,109.985085,test08_dp_all_gather/case02_host_l1_lane_down/output/task_statistics.csv
test08_dp_all_gather,case03_host_l1_port_down,OK,6840,2301.528514,111.863411,test08_dp_all_gather/case03_host_l1_port_down/output/task_statistics.csv
test08_dp_all_gather,case04_l1_l2_lane_down,MISSING,,,,test08_dp_all_gather/case04_l1_l2_lane_down/output/task_statistics.csv
test08_dp_all_gather,case05_l1_l2_port_down,MISSING,,,,test08_dp_all_gather/case05_l1_l2_port_down/output/task_statistics.csv
test09_dp_reduce_scatter,case01_standard,MISSING,,,,test09_dp_reduce_scatter/case01_standard/output/task_statistics.csv
test09_dp_reduce_scatter,case02_host_l1_lane_down,MISSING,,,,test09_dp_reduce_scatter/case02_host_l1_lane_down/output/task_statistics.csv
test09_dp_reduce_scatter,case03_host_l1_port_down,MISSING,,,,test09_dp_reduce_scatter/case03_host_l1_port_down/output/task_statistics.csv
test09_dp_reduce_scatter,case04_l1_l2_lane_down,MISSING,,,,test09_dp_reduce_scatter/case04_l1_l2_lane_down/output/task_statistics.csv
test09_dp_reduce_scatter,case05_l1_l2_port_down,MISSING,,,,test09_dp_reduce_scatter/case05_l1_l2_port_down/output/task_statistics.csv
test10_pairwise_10mb,case01_standard,OK,144,26.338277,21.425858,test10_pairwise_10mb/case01_standard/output/task_statistics.csv
test10_pairwise_10mb,case02_host_l1_lane_down,OK,144,32.909140,21.262075,test10_pairwise_10mb/case02_host_l1_lane_down/output/task_statistics.csv
test10_pairwise_10mb,case03_host_l1_port_down,OK,144,27.719268,21.385883,test10_pairwise_10mb/case03_host_l1_port_down/output/task_statistics.csv
test10_pairwise_10mb,case04_l1_l2_lane_down,OK,144,27.897931,21.390803,test10_pairwise_10mb/case04_l1_l2_lane_down/output/task_statistics.csv
test10_pairwise_10mb,case05_l1_l2_port_down,OK,144,26.482349,21.160931,test10_pairwise_10mb/case05_l1_l2_port_down/output/task_statistics.csv
