case_id,block_id,role,control_id,topology_profile,workload_profile,routing_type,selector,candidate_width,traffic_seed_kind,traffic_seed,flow_size_bytes,flow_count,path_delay,path_rate_ratio,interarrival_gap_ns,active_ingress_count,transport,observability,run_status,task_count,completed_task_count,mean_task_duration_us,p50_task_duration_us,p95_task_duration_us,p99_task_duration_us,aggregate_task_goodput_gbps,branch_packet_counts,branch_byte_counts,branch_total_bytes,unique_branch_ports,path_jain,path_cv,max_path_share,last_path_share,detour_share,slow_path_share,queue_max_bytes,queue_tw_mean_max_bytes,slow_path_queue_max_bytes,slow_path_queue_tw_mean_bytes,packet_records,psn_adjacent_inversions,psn_inversions_per_1000,per_flow_affinity_violations,analysis_status,analysis_note,p95_delta_vs_control_pct,goodput_delta_vs_control_pct,jain_delta_vs_control,comparison_cell,pareto
h-many-w3-s11-crc32,hash-robustness,treatment,h-many-w3-s11-hash64,clos-hash,hash-many,PER_FLOW_SHORTEST_PATHS,CRC32,3,traffic_key_seed,11,262144,64,20ns,1.0,0,0,RTP,balanced,success,64,64,232.277378,235.56366,319.13294,321.5299,417.434671,"{""8"": 1216, ""9"": 1536, ""10"": 1344}","{""8"": 5075584, ""9"": 6411264, ""10"": 5609856}",17096704,3,0.990808,0.096319,0.375,0.328125,0.703125,0.296875,3080412,1733078.129326,1882474,1001359.001422,,,,,matched,Static per-flow mapping completed; cross-cell ranking is evaluated at block level.,-21.405766,26.598833,0.084212,hash-many|w3|s11,True
h-many-w3-s29-crc32,hash-robustness,treatment,h-many-w3-s29-hash64,clos-hash,hash-many,PER_FLOW_SHORTEST_PATHS,CRC32,3,traffic_key_seed,29,262144,64,20ns,1.0,0,0,RTP,balanced,success,64,64,214.268095,232.4691,299.0283,321.48526,417.492634,"{""8"": 1344, ""9"": 1472, ""10"": 1280}","{""8"": 5609856, ""9"": 6144128, ""10"": 5342720}",17096704,3,0.996594,0.058463,0.359375,0.3125,0.671875,0.328125,2596228,1379547.590615,2375006,1181162.395846,,,,,matched,Static per-flow mapping completed; cross-cell ranking is evaluated at block level.,-6.207462,0.209279,0.01996,hash-many|w3|s29,True
h-many-w3-s47-crc32,hash-robustness,treatment,h-many-w3-s47-hash64,clos-hash,hash-many,PER_FLOW_SHORTEST_PATHS,CRC32,3,traffic_key_seed,47,262144,64,20ns,1.0,0,0,RTP,balanced,success,64,64,212.248911,232.12526,297.42814,300.0995,447.244091,"{""8"": 1152, ""9"": 1536, ""10"": 1408}","{""8"": 4808448, ""9"": 6411264, ""10"": 5876992}",17096704,3,0.986513,0.116927,0.375,0.34375,0.71875,0.28125,2733970,1542850.241936,2145436,1237578.322896,,,,,matched,Static per-flow mapping completed; cross-cell ranking is evaluated at block level.,-15.716143,21.385281,0.082318,hash-many|w3|s47,True
h-many-w3-s47-toeplitz,hash-robustness,treatment,h-many-w3-s47-hash64,clos-hash,hash-many,PER_FLOW_SHORTEST_PATHS,TOEPLITZ,3,traffic_key_seed,47,262144,64,20ns,1.0,0,0,RTP,balanced,success,64,64,228.805228,235.18014,302.02366,321.46542,417.518401,"{""8"": 1472, ""9"": 1344, ""10"": 1280}","{""8"": 6144128, ""9"": 5609856, ""10"": 5342720}",17096704,3,0.996594,0.058463,0.359375,0.3125,0.640625,0.359375,2395876,1375873.338805,2395876,1375873.338805,,,,,matched,Static per-flow mapping completed; cross-cell ranking is evaluated at block level.,-14.413885,13.317513,0.092399,hash-many|w3|s47,True
h-many-w5-s11-crc32,hash-robustness,treatment,h-many-w5-s11-hash64,clos-hash,hash-many,PER_FLOW_SHORTEST_PATHS,CRC32,5,traffic_key_seed,11,262144,64,20ns,1.0,0,0,RTP,balanced,success,64,64,138.789462,131.28638,192.79214,193.1459,694.903324,"{""8"": 896, ""9"": 768, ""10"": 704, ""11"": 896, ""12"": 832}","{""8"": 3739904, ""9"": 3205632, ""10"": 2938496, ""11"": 3739904, ""12"": 3472768}",17096704,5,0.991768,0.091109,0.21875,0.203125,0.78125,0.21875,1677948,971548.321625,1677948,971548.321625,,,,,matched,Static per-flow mapping completed; cross-cell ranking is evaluated at block level.,-24.777681,33.214435,0.04142,hash-many|w5|s11,True
h-many-w5-s29-crc32,hash-robustness,treatment,h-many-w5-s29-hash64,clos-hash,hash-many,PER_FLOW_SHORTEST_PATHS,CRC32,5,traffic_key_seed,29,262144,64,20ns,1.0,0,0,RTP,balanced,success,64,64,156.503802,170.38478,213.87374,214.54654,625.58794,"{""8"": 832, ""9"": 896, ""10"": 576, ""11"": 768, ""12"": 1024}","{""8"": 3472768, ""9"": 3739904, ""10"": 2404224, ""11"": 3205632, ""12"": 4274176}",17096704,5,0.968322,0.180872,0.25,0.25,0.796875,0.203125,1849082,919052.195712,1210522,530015.704968,,,,,matched,Static per-flow mapping completed; cross-cell ranking is evaluated at block level.,-16.335819,19.931153,0.039523,hash-many|w5|s29,True
h-many-w5-s47-hash64,hash-robustness,control,h-many-w5-s47-hash64,clos-hash,hash-many,PER_FLOW_SHORTEST_PATHS,HASH64,5,traffic_key_seed,47,262144,64,20ns,1.0,0,0,RTP,balanced,success,64,64,142.00457,129.0035,193.1711,214.54654,625.58794,"{""8"": 640, ""9"": 704, ""10"": 960, ""11"": 1024, ""12"": 768}","{""8"": 2671360, ""9"": 2938496, ""10"": 4007040, ""11"": 4274176, ""12"": 3205632}",17096704,5,0.968322,0.180872,0.25,0.1875,0.84375,0.15625,1995172,1118421.019153,1811516,1018066.300351,,,,,matched,Static per-flow mapping completed; cross-cell ranking is evaluated at block level.,0.0,0.0,0.0,hash-many|w5|s47,True
h-many-w8-s11-crc32,hash-robustness,treatment,h-many-w8-s11-hash64,clos-hash,hash-many,PER_FLOW_SHORTEST_PATHS,CRC32,8,traffic_key_seed,11,262144,64,20ns,1.0,0,0,RTP,balanced,success,64,64,84.058687,85.26906,107.69626,129.07706,1039.826349,"{""8"": 576, ""9"": 384, ""10"": 512, ""11"": 448, ""12"": 640, ""13"": 448, ""14"": 576, ""15"": 512}","{""8"": 2404224, ""9"": 1602816, ""10"": 2137088, ""11"": 1869952, ""12"": 2671360, ""13"": 1869952, ""14"": 2404224, ""15"": 2137088}",17096704,8,0.977099,0.153093,0.15625,0.125,0.859375,0.140625,1160620,643814.128337,1160620,643814.128337,,,,,matched,Static per-flow mapping completed; cross-cell ranking is evaluated at block level.,-28.38833,33.064063,0.018298,hash-many|w8|s11,True
h-many-w8-s29-crc32,hash-robustness,treatment,h-many-w8-s29-hash64,clos-hash,hash-many,PER_FLOW_SHORTEST_PATHS,CRC32,8,traffic_key_seed,29,262144,64,20ns,1.0,0,0,RTP,balanced,success,64,64,90.715187,86.20718,128.66958,129.0035,1040.419275,"{""8"": 320, ""9"": 448, ""10"": 640, ""11"": 576, ""12"": 576, ""13"": 576, ""14"": 320, ""15"": 640}","{""8"": 1335680, ""9"": 1869952, ""10"": 2671360, ""11"": 2404224, ""12"": 2404224, ""13"": 2404224, ""14"": 1335680, ""15"": 2671360}",17096704,8,0.944649,0.242061,0.15625,0.15625,0.921875,0.078125,1185416,656171.652384,271372,155782.906923,,,,,matched,Static per-flow mapping completed; cross-cell ranking is evaluated at block level.,-14.439486,16.848039,0.040056,hash-many|w8|s29,True
h-many-w8-s47-toeplitz,hash-robustness,treatment,h-many-w8-s47-hash64,clos-hash,hash-many,PER_FLOW_SHORTEST_PATHS,TOEPLITZ,8,traffic_key_seed,47,262144,64,20ns,1.0,0,0,RTP,balanced,success,64,64,101.043861,106.62506,148.34606,150.36446,892.616034,"{""8"": 576, ""9"": 512, ""10"": 384, ""11"": 576, ""12"": 384, ""13"": 640, ""14"": 512, ""15"": 512}","{""8"": 2404224, ""9"": 2137088, ""10"": 1602816, ""11"": 2404224, ""12"": 1602816, ""13"": 2671360, ""14"": 2137088, ""15"": 2137088}",17096704,8,0.973384,0.165359,0.15625,0.125,0.859375,0.140625,1118880,629329.875918,1064494,606002.968034,,,,,matched,Static per-flow mapping completed; cross-cell ranking is evaluated at block level.,-13.45109,14.281433,0.071976,hash-many|w8|s47,True
h-elephant-w8-s11-crc32,hash-robustness,treatment,h-elephant-w8-s11-hash64,clos-hash,hash-elephant,PER_FLOW_SHORTEST_PATHS,CRC32,8,traffic_key_seed,11,16777216,4,20ns,1.0,0,0,RTP,balanced,success,4,4,1369.67259,1369.62062,1369.74378,1369.74378,391.949881,"{""8"": 4096, ""9"": 0, ""10"": 4096, ""11"": 0, ""12"": 0, ""13"": 8192, ""14"": 0, ""15"": 0}","{""8"": 17096704, ""9"": 0, ""10"": 17096704, ""11"": 0, ""12"": 0, ""13"": 34193408, ""14"": 0, ""15"": 0}",68386816,3,0.333333,1.414214,0.5,0.0,0.75,0.25,981820,885477.408932,472096,403515.242669,,,,,matched,Static per-flow mapping completed; cross-cell ranking is evaluated at block level.,-49.98075,99.923029,0.0,hash-elephant|w8|s11,True
h-elephant-w8-s29-hash64,hash-robustness,control,h-elephant-w8-s29-hash64,clos-hash,hash-elephant,PER_FLOW_SHORTEST_PATHS,HASH64,8,traffic_key_seed,29,16777216,4,20ns,1.0,0,0,RTP,balanced,success,4,4,1369.66424,1369.63226,1369.74378,1369.74378,391.949881,"{""8"": 4096, ""9"": 4096, ""10"": 0, ""11"": 0, ""12"": 4096, ""13"": 4096, ""14"": 0, ""15"": 0}","{""8"": 17096704, ""9"": 17096704, ""10"": 0, ""11"": 0, ""12"": 17096704, ""13"": 17096704, ""14"": 0, ""15"": 0}",68386816,4,0.5,1.0,0.25,0.0,0.75,0.25,981820,885476.200428,472096,403317.008482,,,,,matched,Static per-flow mapping completed; cross-cell ranking is evaluated at block level.,0.0,0.0,0.0,hash-elephant|w8|s29,True
h-elephant-w8-s29-toeplitz,hash-robustness,treatment,h-elephant-w8-s29-hash64,clos-hash,hash-elephant,PER_FLOW_SHORTEST_PATHS,TOEPLITZ,8,traffic_key_seed,29,16777216,4,20ns,1.0,0,0,RTP,balanced,success,4,4,1369.66009,1369.62062,1369.74378,1369.74378,391.949881,"{""8"": 4096, ""9"": 0, ""10"": 0, ""11"": 4096, ""12"": 0, ""13"": 4096, ""14"": 0, ""15"": 4096}","{""8"": 17096704, ""9"": 0, ""10"": 0, ""11"": 17096704, ""12"": 0, ""13"": 17096704, ""14"": 0, ""15"": 17096704}",68386816,4,0.5,1.0,0.25,0.25,0.75,0.25,981820,885477.402927,472096,403317.008482,,,,,matched,Static per-flow mapping completed; cross-cell ranking is evaluated at block level.,0.0,0.0,0.0,hash-elephant|w8|s29,True
h-elephant-w8-s47-crc32,hash-robustness,treatment,h-elephant-w8-s47-hash64,clos-hash,hash-elephant,PER_FLOW_SHORTEST_PATHS,CRC32,8,traffic_key_seed,47,16777216,4,20ns,1.0,0,0,RTP,balanced,success,4,4,1369.62062,1369.62062,1369.62062,1369.62062,391.985127,"{""8"": 0, ""9"": 0, ""10"": 4096, ""11"": 0, ""12"": 0, ""13"": 4096, ""14"": 8192, ""15"": 0}","{""8"": 0, ""9"": 0, ""10"": 17096704, ""11"": 0, ""12"": 0, ""13"": 17096704, ""14"": 34193408, ""15"": 0}",68386816,3,0.333333,1.414214,0.5,0.0,1.0,0.0,981820,885477.402927,80,80.0,,,,,matched,Static per-flow mapping completed; cross-cell ranking is evaluated at block level.,-49.987421,99.949698,0.0,hash-elephant|w8|s47,True
s-16k-d20n-packet-rr,spray-crossover,treatment,s-16k-d20n-flow-hash64,micro-spray,single-flow,PER_PACKET_SHORTEST_PATHS,ROUND_ROBIN,3,none,0,16384,1,20ns,1.0,0,0,RTP,detailed,success,1,1,0.478515,0.478515,0.478515,0.478515,273.914088,"{""1"": 2, ""2"": 1, ""3"": 1}","{""1"": 8348, ""2"": 4174, ""3"": 4174}",16696,3,0.888889,0.353553,0.5,0.25,0.5,0.5,8348,8318.632186,8348,8249.184882,5,0,0.0,1,matched,Observed path scope matches the registered flow/packet behavior.,-25.866108,34.891069,0.555556,16384|20ns,True
s-16k-d2u-flow-hash64,spray-crossover,control,s-16k-d2u-flow-hash64,micro-spray,single-flow,PER_FLOW_SHORTEST_PATHS,HASH64,3,none,0,16384,1,2us,1.0,0,0,RTP,detailed,success,1,1,0.645474,0.645474,0.645474,0.645474,203.063175,"{""1"": 0, ""2"": 4, ""3"": 0}","{""1"": 0, ""2"": 16696, ""3"": 0}",16696,1,0.333333,1.414214,1.0,0.0,1.0,0.0,12522,3933.386854,0,0.0,5,0,0.0,0,matched,Observed path scope matches the registered flow/packet behavior.,0.0,0.0,0.0,16384|2us,True
s-16k-d20u-flow-hash64,spray-crossover,control,s-16k-d20u-flow-hash64,micro-spray,single-flow,PER_FLOW_SHORTEST_PATHS,HASH64,3,none,0,16384,1,20us,1.0,0,0,RTP,detailed,success,1,1,0.645474,0.645474,0.645474,0.645474,203.063175,"{""1"": 0, ""2"": 4, ""3"": 0}","{""1"": 0, ""2"": 16696, ""3"": 0}",16696,1,0.333333,1.414214,1.0,0.0,1.0,0.0,12522,3933.386854,0,0.0,5,0,0.0,0,matched,Observed path scope matches the registered flow/packet behavior.,0.0,0.0,0.0,16384|20us,True
s-256k-d20n-flow-hash64,spray-crossover,control,s-256k-d20n-flow-hash64,micro-spray,single-flow,PER_FLOW_SHORTEST_PATHS,HASH64,3,none,0,262144,1,20ns,1.0,0,0,RTP,detailed,success,1,1,5.655514,5.655514,5.655514,5.655514,370.815456,"{""1"": 0, ""2"": 64, ""3"": 0}","{""1"": 0, ""2"": 267136, ""3"": 0}",267136,1,0.333333,1.414214,1.0,0.0,1.0,0.0,179544,86134.406214,0,0.0,68,0,0.0,0,matched,Observed path scope matches the registered flow/packet behavior.,0.0,0.0,0.0,262144|20ns,True
s-256k-d20n-packet-rr,spray-crossover,treatment,s-256k-d20n-flow-hash64,micro-spray,single-flow,PER_PACKET_SHORTEST_PATHS,ROUND_ROBIN,3,none,0,262144,1,20ns,1.0,0,0,RTP,detailed,success,1,1,2.204782,2.204782,2.204782,2.204782,951.183382,"{""1"": 22, ""2"": 20, ""3"": 22}","{""1"": 91828, ""2"": 83480, ""3"": 91828}",267136,3,0.998051,0.044194,0.34375,0.34375,0.65625,0.34375,8348,7655.875133,8348,6005.067662,68,5,73.529412,1,matched,Observed path scope matches the registered flow/packet behavior.,-61.015356,156.511256,0.664717,262144|20ns,True
s-256k-d2u-flow-hash64,spray-crossover,control,s-256k-d2u-flow-hash64,micro-spray,single-flow,PER_FLOW_SHORTEST_PATHS,HASH64,3,none,0,262144,1,2us,1.0,0,0,RTP,detailed,success,1,1,5.655514,5.655514,5.655514,5.655514,370.815456,"{""1"": 0, ""2"": 64, ""3"": 0}","{""1"": 0, ""2"": 267136, ""3"": 0}",267136,1,0.333333,1.414214,1.0,0.0,1.0,0.0,179544,86134.406214,0,0.0,68,0,0.0,0,matched,Observed path scope matches the registered flow/packet behavior.,0.0,0.0,0.0,262144|2us,True
s-256k-d20u-flow-hash64,spray-crossover,control,s-256k-d20u-flow-hash64,micro-spray,single-flow,PER_FLOW_SHORTEST_PATHS,HASH64,3,none,0,262144,1,20us,1.0,0,0,RTP,detailed,success,1,1,5.655514,5.655514,5.655514,5.655514,370.815456,"{""1"": 0, ""2"": 64, ""3"": 0}","{""1"": 0, ""2"": 267136, ""3"": 0}",267136,1,0.333333,1.414214,1.0,0.0,1.0,0.0,179544,86134.406214,0,0.0,68,0,0.0,0,matched,Observed path scope matches the registered flow/packet behavior.,0.0,0.0,0.0,262144|20us,True
s-8m-d20n-flow-hash64,spray-crossover,control,s-8m-d20n-flow-hash64,micro-spray,single-flow,PER_FLOW_SHORTEST_PATHS,HASH64,3,none,0,8388608,1,20ns,1.0,0,0,RTP,detailed,success,1,1,171.419954,171.419954,171.419954,171.419954,391.488053,"{""1"": 0, ""2"": 2048, ""3"": 0}","{""1"": 0, ""2"": 8548352, ""3"": 0}",8548352,1,0.333333,1.414214,1.0,0.0,1.0,0.0,969298,836938.794313,0,0.0,2176,0,0.0,0,matched,Observed path scope matches the registered flow/packet behavior.,0.0,0.0,0.0,8388608|20ns,True
s-8m-d20n-packet-rr,spray-crossover,treatment,s-8m-d20n-flow-hash64,micro-spray,single-flow,PER_PACKET_SHORTEST_PATHS,ROUND_ROBIN,3,none,0,8388608,1,20ns,1.0,0,0,RTP,detailed,success,1,1,57.696847,57.696847,57.696847,57.696847,1163.128793,"{""1"": 684, ""2"": 680, ""3"": 684}","{""1"": 2855016, ""2"": 2838320, ""3"": 2855016}",8548352,3,0.999992,0.002762,0.333984,0.333984,0.666016,0.333984,16696,9367.296013,16696,8151.044508,2176,950,436.580882,1,matched,Observed path scope matches the registered flow/packet behavior.,-66.341814,197.104544,0.666659,8388608|20ns,True
s-8m-d2u-flow-hash64,spray-crossover,control,s-8m-d2u-flow-hash64,micro-spray,single-flow,PER_FLOW_SHORTEST_PATHS,HASH64,3,none,0,8388608,1,2us,1.0,0,0,RTP,detailed,success,1,1,171.419954,171.419954,171.419954,171.419954,391.488053,"{""1"": 0, ""2"": 2048, ""3"": 0}","{""1"": 0, ""2"": 8548352, ""3"": 0}",8548352,1,0.333333,1.414214,1.0,0.0,1.0,0.0,969298,836938.794313,0,0.0,2176,0,0.0,0,matched,Observed path scope matches the registered flow/packet behavior.,0.0,0.0,0.0,8388608|2us,True
s-8m-d2u-packet-rr,spray-crossover,treatment,s-8m-d2u-flow-hash64,micro-spray,single-flow,PER_PACKET_SHORTEST_PATHS,ROUND_ROBIN,3,none,0,8388608,1,2us,1.0,0,0,RTP,detailed,success,1,1,63.059906,63.059906,63.059906,63.059906,1064.20812,"{""1"": 683, ""2"": 683, ""3"": 682}","{""1"": 2850842, ""2"": 2850842, ""3"": 2846668}",8548352,3,1.0,0.000691,0.333496,0.333008,0.666504,0.333496,8348,7021.811204,8348,7021.811204,2176,650,298.713235,1,matched,Observed path scope matches the registered flow/packet behavior.,-63.213206,171.836679,0.666666,8388608|2us,True
s-8m-d20u-flow-hash64,spray-crossover,control,s-8m-d20u-flow-hash64,micro-spray,single-flow,PER_FLOW_SHORTEST_PATHS,HASH64,3,none,0,8388608,1,20us,1.0,0,0,RTP,detailed,success,1,1,171.419954,171.419954,171.419954,171.419954,391.488053,"{""1"": 0, ""2"": 2048, ""3"": 0}","{""1"": 0, ""2"": 8548352, ""3"": 0}",8548352,1,0.333333,1.414214,1.0,0.0,1.0,0.0,969298,836938.794313,0,0.0,2176,0,0.0,0,matched,Observed path scope matches the registered flow/packet behavior.,0.0,0.0,0.0,8388608|20us,True
a-screen-r100-g0-hash64,adaptive-signal,control,a-screen-r100-g0-hash64,micro-adaptive,adaptive-screen,PER_PACKET_SHORTEST_PATHS,HASH64,3,none,0,262144,16,20ns,1.0,0,0,RTP,detailed,success,16,16,26.951485,26.733258,30.415046,30.415046,1103.21819,"{""1"": 317, ""2"": 352, ""3"": 355}","{""1"": 1323158, ""2"": 1469248, ""3"": 1481770}",4274176,3,0.997453,0.050537,0.34668,0.34668,0.69043,0.30957,104536,66079.906038,70958,24795.811976,1088,232,213.235294,16,matched,Static-hash control completed with branch evidence.,0.0,0.0,0.0,screen|r1.0|g0,True
a-screen-r100-g0-rr,adaptive-signal,treatment,a-screen-r100-g0-hash64,micro-adaptive,adaptive-screen,PER_PACKET_SHORTEST_PATHS,ROUND_ROBIN,3,none,0,262144,16,20ns,1.0,0,0,RTP,detailed,success,16,16,25.755807,25.532067,29.106657,29.106657,1152.809545,"{""1"": 339, ""2"": 341, ""3"": 344}","{""1"": 1414986, ""2"": 1423334, ""3"": 1435856}",4274176,3,0.999964,0.00602,0.335938,0.335938,0.668945,0.331055,16696,9325.593118,8348,4951.337451,1088,341,313.419118,16,matched,Round-robin path spreading was checked directly.,-4.301782,4.495154,0.002511,screen|r1.0|g0,True
a-screen-r100-g0-adaptive,adaptive-signal,treatment,a-screen-r100-g0-hash64,micro-adaptive,adaptive-screen,PER_PACKET_SHORTEST_PATHS,ADAPTIVE,3,none,0,262144,16,20ns,1.0,0,0,RTP,detailed,success,16,16,25.649902,25.415551,28.999993,28.999993,1157.049659,"{""1"": 343, ""2"": 343, ""3"": 338}","{""1"": 1431682, ""2"": 1431682, ""3"": 1410812}",4274176,3,0.999952,0.006905,0.334961,0.330078,0.665039,0.334961,8348,6991.49225,8348,6584.940603,1088,315,289.522059,16,partially_matched,Only one adaptive advantage metric improved.,-4.652477,4.879494,0.0025,screen|r1.0|g0,True
a-screen-r100-g10u-hash64,adaptive-signal,control,a-screen-r100-g10u-hash64,micro-adaptive,adaptive-screen,PER_PACKET_SHORTEST_PATHS,HASH64,3,none,0,262144,16,20ns,1.0,10000,0,RTP,detailed,success,16,16,2.58768,2.594353,3.067634,3.067634,219.574142,"{""1"": 317, ""2"": 352, ""3"": 355}","{""1"": 1323158, ""2"": 1469248, ""3"": 1481770}",4274176,3,0.997453,0.050537,0.34668,0.34668,0.69043,0.30957,50088,3225.815543,33392,2115.402284,1088,408,375.0,16,matched,Static-hash control completed with branch evidence.,0.0,0.0,0.0,screen|r1.0|g10000,True
a-screen-r100-g10u-rr,adaptive-signal,treatment,a-screen-r100-g10u-hash64,micro-adaptive,adaptive-screen,PER_PACKET_SHORTEST_PATHS,ROUND_ROBIN,3,none,0,262144,16,20ns,1.0,10000,0,RTP,detailed,success,16,16,2.204845,2.204782,2.205782,2.205782,220.455833,"{""1"": 342, ""2"": 340, ""3"": 342}","{""1"": 1427508, ""2"": 1419160, ""3"": 1427508}",4274176,3,0.999992,0.002762,0.333984,0.333984,0.666016,0.333984,8348,1398.368835,8348,1365.492306,1088,80,73.529412,16,matched,Round-robin path spreading was checked directly.,-28.095007,0.401546,0.00254,screen|r1.0|g10000,True
a-screen-r50-g0-adaptive,adaptive-signal,treatment,a-screen-r50-g0-hash64,micro-adaptive,adaptive-screen,PER_PACKET_SHORTEST_PATHS,ADAPTIVE,3,none,0,262144,16,20ns,0.5,0,0,RTP,detailed,success,16,16,34.044445,33.834514,38.511874,38.511874,871.274974,"{""1"": 228, ""2"": 398, ""3"": 398}","{""1"": 951672, ""2"": 1661252, ""3"": 1661252}",4274176,3,0.947757,0.234782,0.388672,0.388672,0.777344,0.222656,242278,121365.074362,242278,119243.67482,1088,229,210.477941,16,matched,Adaptive reduced slow-path share and p95 duration versus hash.,-28.032835,38.952257,-0.049695,screen|r0.5|g0,True
a-screen-r50-g10u-adaptive,adaptive-signal,treatment,a-screen-r50-g10u-hash64,micro-adaptive,adaptive-screen,PER_PACKET_SHORTEST_PATHS,ADAPTIVE,3,none,0,262144,16,20ns,0.5,10000,0,RTP,detailed,success,16,16,2.907234,2.907234,2.907234,2.907234,219.443064,"{""1"": 240, ""2"": 400, ""3"": 384}","{""1"": 1001760, ""2"": 1669600, ""3"": 1602816}",4274176,3,0.957457,0.210793,0.390625,0.375,0.765625,0.234375,20870,2934.796113,16758,2934.796113,1088,368,338.235294,16,partially_matched,Sparse adaptive traffic is evaluated for empty-queue tie concentration.,-42.717242,0.342292,-0.039996,screen|r0.5|g10000,True
a-screen-r25-g0-adaptive,adaptive-signal,treatment,a-screen-r25-g0-hash64,micro-adaptive,adaptive-screen,PER_PACKET_SHORTEST_PATHS,ADAPTIVE,3,none,0,262144,16,20ns,0.25,0,0,RTP,detailed,success,16,16,49.942977,49.676874,54.685674,54.685674,613.587244,"{""1"": 162, ""2"": 432, ""3"": 430}","{""1"": 676188, ""2"": 1803168, ""3"": 1794820}",4274176,3,0.878717,0.371515,0.421875,0.419922,0.841797,0.158203,300714,174753.038807,300714,167143.577984,1088,211,193.933824,16,matched,Adaptive reduced slow-path share and p95 duration versus hash.,-48.649581,94.740378,-0.118736,screen|r0.25|g0,True
a-screen-r25-g10u-adaptive,adaptive-signal,treatment,a-screen-r25-g10u-hash64,micro-adaptive,adaptive-screen,PER_PACKET_SHORTEST_PATHS,ADAPTIVE,3,none,0,262144,16,20ns,0.25,10000,0,RTP,detailed,success,16,16,4.582794,4.582794,4.582794,4.582794,217.064468,"{""1"": 192, ""2"": 432, ""3"": 400}","{""1"": 801408, ""2"": 1803168, ""3"": 1669600}",4274176,3,0.911437,0.311718,0.421875,0.390625,0.8125,0.1875,25044,6363.446183,25044,6363.446183,1088,352,323.529412,16,partially_matched,Sparse adaptive traffic is evaluated for empty-queue tie concentration.,-53.828144,1.305182,-0.086015,screen|r0.25|g10000,True
a-confirm-s11-adaptive,adaptive-signal,treatment,a-confirm-s11-hash64,micro-adaptive,adaptive-confirm,PER_PACKET_SHORTEST_PATHS,ADAPTIVE,3,arrival_seed,11,262144,16,20ns,0.5,0,0,RTP,detailed,success,16,16,32.509567,33.499514,37.754874,37.754874,871.274974,"{""1"": 228, ""2"": 398, ""3"": 398}","{""1"": 951672, ""2"": 1661252, ""3"": 1661252}",4274176,3,0.947757,0.234782,0.388672,0.388672,0.777344,0.222656,242278,121365.074362,242278,119243.67482,1088,234,215.073529,16,matched,Adaptive reduced slow-path share and p95 duration versus hash.,-28.435079,38.952257,-0.049695,confirm|s11,True
a-confirm-s29-adaptive,adaptive-signal,treatment,a-confirm-s29-hash64,micro-adaptive,adaptive-confirm,PER_PACKET_SHORTEST_PATHS,ADAPTIVE,3,arrival_seed,29,262144,16,20ns,0.5,0,0,RTP,detailed,success,16,16,32.497317,33.451514,37.533874,37.533874,871.274974,"{""1"": 228, ""2"": 398, ""3"": 398}","{""1"": 951672, ""2"": 1661252, ""3"": 1661252}",4274176,3,0.947757,0.234782,0.388672,0.388672,0.777344,0.222656,242278,121365.074362,242278,119243.67482,1088,234,215.073529,16,matched,Adaptive reduced slow-path share and p95 duration versus hash.,-28.554697,38.952257,-0.049695,confirm|s29,True
a-confirm-s47-adaptive,adaptive-signal,treatment,a-confirm-s47-hash64,micro-adaptive,adaptive-confirm,PER_PACKET_SHORTEST_PATHS,ADAPTIVE,3,arrival_seed,47,262144,16,20ns,0.5,0,0,RTP,detailed,success,16,16,32.530067,33.447514,37.738874,37.738874,871.274974,"{""1"": 228, ""2"": 398, ""3"": 398}","{""1"": 951672, ""2"": 1661252, ""3"": 1661252}",4274176,3,0.947757,0.234782,0.388672,0.388672,0.777344,0.222656,242278,121365.074362,242278,119243.67482,1088,234,215.073529,16,matched,Adaptive reduced slow-path share and p95 duration versus hash.,-28.443706,38.952257,-0.049695,confirm|s47,True
i-n1-s11-hash64,ingress-entropy,control,i-n1-s11-hash64,clos-ingress,ingress-entropy,PER_FLOW_SHORTEST_PATHS,HASH64,8,pairing_seed,11,262144,64,20ns,1.0,0,1,RTP,balanced,success,64,64,374.572427,399.5599,457.35782,473.3959,283.521104,"{""8"": 0, ""9"": 1344, ""10"": 960, ""11"": 1344, ""12"": 0, ""13"": 0, ""14"": 0, ""15"": 448}","{""8"": 0, ""9"": 5609856, ""10"": 4007040, ""11"": 5609856, ""12"": 0, ""13"": 0, ""14"": 0, ""15"": 1869952}",17096704,4,0.442907,1.121522,0.328125,0.109375,1.0,0.0,889620,667247.116331,0,0.0,,,,,matched,Hash control completed with path evidence.,0.0,0.0,0.0,n1|s11,True
i-n1-s29-hash64,ingress-entropy,control,i-n1-s29-hash64,clos-ingress,ingress-entropy,PER_FLOW_SHORTEST_PATHS,HASH64,8,pairing_seed,29,262144,64,20ns,1.0,0,1,RTP,balanced,success,64,64,396.487161,386.64926,518.1759,534.20902,251.245717,"{""8"": 0, ""9"": 832, ""10"": 832, ""11"": 1536, ""12"": 0, ""13"": 0, ""14"": 0, ""15"": 896}","{""8"": 0, ""9"": 3472768, ""10"": 3472768, ""11"": 6411264, ""12"": 0, ""13"": 0, ""14"": 0, ""15"": 3739904}",17096704,4,0.461261,1.080726,0.375,0.21875,1.0,0.0,931608,699118.928752,0,0.0,,,,,matched,Hash control completed with path evidence.,0.0,0.0,0.0,n1|s29,True
i-n1-s47-hash64,ingress-entropy,control,i-n1-s47-hash64,clos-ingress,ingress-entropy,PER_FLOW_SHORTEST_PATHS,HASH64,8,pairing_seed,47,262144,64,20ns,1.0,0,1,RTP,balanced,success,64,64,339.783791,343.28842,433.8601,449.9081,298.322542,"{""8"": 0, ""9"": 960, ""10"": 1216, ""11"": 1344, ""12"": 0, ""13"": 0, ""14"": 0, ""15"": 576}","{""8"": 0, ""9"": 4007040, ""10"": 5075584, ""11"": 5609856, ""12"": 0, ""13"": 0, ""14"": 0, ""15"": 2404224}",17096704,4,0.462094,1.078917,0.328125,0.140625,1.0,0.0,902328,664111.969607,0,0.0,,,,,matched,Hash control completed with path evidence.,0.0,0.0,0.0,n1|s47,True
i-n2-s11-hash64,ingress-entropy,control,i-n2-s11-hash64,clos-ingress,ingress-entropy,PER_FLOW_SHORTEST_PATHS,HASH64,8,pairing_seed,11,262144,64,20ns,1.0,0,2,RTP,balanced,success,64,64,226.093016,214.81186,348.22366,364.26174,368.465071,"{""8"": 384, ""9"": 960, ""10"": 448, ""11"": 704, ""12"": 64, ""13"": 128, ""14"": 320, ""15"": 1088}","{""8"": 1602816, ""9"": 4007040, ""10"": 1869952, ""11"": 2938496, ""12"": 267136, ""13"": 534272, ""14"": 1335680, ""15"": 4541312}",17096704,8,0.682667,0.681795,0.265625,0.265625,0.90625,0.09375,981572,647223.990262,96064,14314.632665,,,,,matched,Hash control completed with path evidence.,0.0,0.0,0.0,n2|s11,True
i-n2-s29-hash64,ingress-entropy,control,i-n2-s29-hash64,clos-ingress,ingress-entropy,PER_FLOW_SHORTEST_PATHS,HASH64,8,pairing_seed,29,262144,64,20ns,1.0,0,2,RTP,balanced,success,64,64,240.310759,225.3353,373.9793,385.67642,348.006051,"{""8"": 128, ""9"": 832, ""10"": 512, ""11"": 640, ""12"": 256, ""13"": 192, ""14"": 384, ""15"": 1152}","{""8"": 534272, ""9"": 3472768, ""10"": 2137088, ""11"": 2671360, ""12"": 1068544, ""13"": 801408, ""14"": 1602816, ""15"": 4808448}",17096704,8,0.709141,0.640434,0.28125,0.28125,0.96875,0.03125,1553472,702945.978162,8348,7576.410571,,,,,matched,Hash control completed with path evidence.,0.0,0.0,0.0,n2|s29,True
i-n2-s29-stripe,ingress-entropy,treatment,i-n2-s29-hash64,clos-ingress,ingress-entropy,PER_FLOW_SHORTEST_PATHS,INGRESS_PORT_STRIPE,8,pairing_seed,29,262144,64,20ns,1.0,0,2,RTP,balanced,success,64,64,555.043799,572.1435,679.76494,685.12254,195.903244,"{""8"": 2048, ""9"": 2048, ""10"": 0, ""11"": 0, ""12"": 0, ""13"": 0, ""14"": 0, ""15"": 0}","{""8"": 8548352, ""9"": 8548352, ""10"": 0, ""11"": 0, ""12"": 0, ""13"": 0, ""14"": 0, ""15"": 0}",17096704,2,0.25,1.732051,0.5,0.0,0.5,0.5,981944,852614.049035,981944,852500.891839,,,,,matched,Stripe path cardinality is bounded by active ingress cardinality.,81.765392,-43.706943,-0.459141,n2|s29,True
i-n2-s47-hash64,ingress-entropy,control,i-n2-s47-hash64,clos-ingress,ingress-entropy,PER_FLOW_SHORTEST_PATHS,HASH64,8,pairing_seed,47,262144,64,20ns,1.0,0,2,RTP,balanced,success,64,64,238.87732,241.51158,326.94122,342.9793,391.328946,"{""8"": 256, ""9"": 960, ""10"": 640, ""11"": 640, ""12"": 64, ""13"": 320, ""14"": 192, ""15"": 1024}","{""8"": 1068544, ""9"": 4007040, ""10"": 2671360, ""11"": 2671360, ""12"": 267136, ""13"": 1335680, ""14"": 801408, ""15"": 4274176}",17096704,8,0.699454,0.655506,0.25,0.25,0.9375,0.0625,1278236,799592.811932,8348,7643.022727,,,,,matched,Hash control completed with path evidence.,0.0,0.0,0.0,n2|s47,True
i-n2-s47-stripe,ingress-entropy,treatment,i-n2-s47-hash64,clos-ingress,ingress-entropy,PER_FLOW_SHORTEST_PATHS,INGRESS_PORT_STRIPE,8,pairing_seed,47,262144,64,20ns,1.0,0,2,RTP,balanced,success,64,64,557.695439,573.81806,679.76494,685.12254,195.903244,"{""8"": 2048, ""9"": 2048, ""10"": 0, ""11"": 0, ""12"": 0, ""13"": 0, ""14"": 0, ""15"": 0}","{""8"": 8548352, ""9"": 8548352, ""10"": 0, ""11"": 0, ""12"": 0, ""13"": 0, ""14"": 0, ""15"": 0}",17096704,2,0.25,1.732051,0.5,0.0,0.5,0.5,985994,852645.410471,985994,852645.410471,,,,,matched,Stripe path cardinality is bounded by active ingress cardinality.,107.916561,-49.938985,-0.449454,n2|s47,True
i-n4-s11-hash64,ingress-entropy,control,i-n4-s11-hash64,clos-ingress,ingress-entropy,PER_FLOW_SHORTEST_PATHS,HASH64,8,pairing_seed,11,262144,64,20ns,1.0,0,4,RTP,balanced,success,64,64,181.1185,171.77502,294.7667,300.24662,447.024942,"{""8"": 640, ""9"": 896, ""10"": 896, ""11"": 384, ""12"": 64, ""13"": 512, ""14"": 320, ""15"": 384}","{""8"": 2671360, ""9"": 3739904, ""10"": 3739904, ""11"": 1602816, ""12"": 267136, ""13"": 2137088, ""14"": 1335680, ""15"": 1602816}",17096704,8,0.782875,0.526634,0.21875,0.09375,0.84375,0.15625,1386388,852770.071733,960454,500793.34231,,,,,matched,Hash control completed with path evidence.,0.0,0.0,0.0,n4|s11,True
i-n4-s11-stripe,ingress-entropy,treatment,i-n4-s11-hash64,clos-ingress,ingress-entropy,PER_FLOW_SHORTEST_PATHS,INGRESS_PORT_STRIPE,8,pairing_seed,11,262144,64,20ns,1.0,0,4,RTP,balanced,success,64,64,267.225144,288.0387,342.8611,342.87226,391.451114,"{""8"": 1024, ""9"": 1024, ""10"": 1024, ""11"": 1024, ""12"": 0, ""13"": 0, ""14"": 0, ""15"": 0}","{""8"": 4274176, ""9"": 4274176, ""10"": 4274176, ""11"": 4274176, ""12"": 0, ""13"": 0, ""14"": 0, ""15"": 0}",17096704,4,0.5,1.0,0.25,0.0,0.75,0.25,982068,786243.505995,981882,786092.633378,,,,,matched,Stripe path cardinality is bounded by active ingress cardinality.,16.31609,-12.43193,-0.282875,n4|s11,True
i-n4-s29-hash64,ingress-entropy,control,i-n4-s29-hash64,clos-ingress,ingress-entropy,PER_FLOW_SHORTEST_PATHS,HASH64,8,pairing_seed,29,262144,64,20ns,1.0,0,4,RTP,balanced,success,64,64,174.130401,171.93206,326.82302,342.87102,391.452529,"{""8"": 576, ""9"": 1024, ""10"": 448, ""11"": 640, ""12"": 128, ""13"": 448, ""14"": 320, ""15"": 512}","{""8"": 2404224, ""9"": 4274176, ""10"": 1869952, ""11"": 2671360, ""12"": 534272, ""13"": 1869952, ""14"": 1335680, ""15"": 2137088}",17096704,8,0.815287,0.475986,0.25,0.125,0.859375,0.140625,2188168,1209013.259256,676808,438006.170261,,,,,matched,Hash control completed with path evidence.,0.0,0.0,0.0,n4|s29,True
i-n4-s29-stripe,ingress-entropy,treatment,i-n4-s29-hash64,clos-ingress,ingress-entropy,PER_FLOW_SHORTEST_PATHS,INGRESS_PORT_STRIPE,8,pairing_seed,29,262144,64,20ns,1.0,0,4,RTP,balanced,success,64,64,271.078355,286.3691,342.85614,342.94086,391.37281,"{""8"": 1024, ""9"": 1024, ""10"": 1024, ""11"": 1024, ""12"": 0, ""13"": 0, ""14"": 0, ""15"": 0}","{""8"": 4274176, ""9"": 4274176, ""10"": 4274176, ""11"": 4274176, ""12"": 0, ""13"": 0, ""14"": 0, ""15"": 0}",17096704,4,0.5,1.0,0.25,0.0,0.75,0.25,982068,786139.496899,981882,785817.644261,,,,,matched,Stripe path cardinality is bounded by active ingress cardinality.,4.90575,-0.020365,-0.315287,n4|s29,True
i-n4-s47-hash64,ingress-entropy,control,i-n4-s47-hash64,clos-ingress,ingress-entropy,PER_FLOW_SHORTEST_PATHS,HASH64,8,pairing_seed,47,262144,64,20ns,1.0,0,4,RTP,balanced,success,64,64,162.06727,149.39742,252.03402,257.49494,521.244138,"{""8"": 576, ""9"": 768, ""10"": 704, ""11"": 448, ""12"": 256, ""13"": 768, ""14"": 192, ""15"": 384}","{""8"": 2404224, ""9"": 3205632, ""10"": 2938496, ""11"": 1869952, ""12"": 1068544, ""13"": 3205632, ""14"": 801408, ""15"": 1602816}",17096704,8,0.853333,0.414578,0.1875,0.09375,0.859375,0.140625,1424140,930279.486306,768450,369655.435967,,,,,matched,Hash control completed with path evidence.,0.0,0.0,0.0,n4|s47,True
i-n4-s47-stripe,ingress-entropy,treatment,i-n4-s47-hash64,clos-ingress,ingress-entropy,PER_FLOW_SHORTEST_PATHS,INGRESS_PORT_STRIPE,8,pairing_seed,47,262144,64,20ns,1.0,0,4,RTP,balanced,success,64,64,278.784914,280.03454,342.85614,342.87102,391.452529,"{""8"": 1024, ""9"": 1024, ""10"": 1024, ""11"": 1024, ""12"": 0, ""13"": 0, ""14"": 0, ""15"": 0}","{""8"": 4274176, ""9"": 4274176, ""10"": 4274176, ""11"": 4274176, ""12"": 0, ""13"": 0, ""14"": 0, ""15"": 0}",17096704,4,0.5,1.0,0.25,0.0,0.75,0.25,982068,786247.386198,982068,786086.729683,,,,,matched,Stripe path cardinality is bounded by active ingress cardinality.,36.035659,-24.900349,-0.353333,n4|s47,True
i-n8-s11-stripe,ingress-entropy,treatment,i-n8-s11-hash64,clos-ingress,ingress-entropy,PER_FLOW_SHORTEST_PATHS,INGRESS_PORT_STRIPE,8,pairing_seed,11,262144,64,20ns,1.0,0,8,RTP,balanced,success,64,64,143.208562,138.4607,171.79898,171.80394,781.226135,"{""8"": 512, ""9"": 512, ""10"": 512, ""11"": 512, ""12"": 512, ""13"": 512, ""14"": 512, ""15"": 512}","{""8"": 2137088, ""9"": 2137088, ""10"": 2137088, ""11"": 2137088, ""12"": 2137088, ""13"": 2137088, ""14"": 2137088, ""15"": 2137088}",17096704,8,1.0,0.0,0.125,0.125,0.875,0.125,981634,655075.859076,981634,654364.431997,,,,,matched,Stripe path cardinality is bounded by active ingress cardinality.,-31.821814,49.788684,0.135135,n8|s11,True
i-n8-s29-stripe,ingress-entropy,treatment,i-n8-s29-hash64,clos-ingress,ingress-entropy,PER_FLOW_SHORTEST_PATHS,INGRESS_PORT_STRIPE,8,pairing_seed,29,262144,64,20ns,1.0,0,8,RTP,balanced,success,64,64,146.079899,150.66862,171.79898,171.81386,781.181029,"{""8"": 512, ""9"": 512, ""10"": 512, ""11"": 512, ""12"": 512, ""13"": 512, ""14"": 512, ""15"": 512}","{""8"": 2137088, ""9"": 2137088, ""10"": 2137088, ""11"": 2137088, ""12"": 2137088, ""13"": 2137088, ""14"": 2137088, ""15"": 2137088}",17096704,8,1.0,0.0,0.125,0.125,0.875,0.125,981634,655062.949829,981634,655044.190767,,,,,matched,Stripe path cardinality is bounded by active ingress cardinality.,-42.761014,87.161117,0.146667,n8|s29,True
i-n8-s47-stripe,ingress-entropy,treatment,i-n8-s47-hash64,clos-ingress,ingress-entropy,PER_FLOW_SHORTEST_PATHS,INGRESS_PORT_STRIPE,8,pairing_seed,47,262144,64,20ns,1.0,0,8,RTP,balanced,success,64,64,148.316224,150.41818,171.73038,171.8151,781.175391,"{""8"": 512, ""9"": 512, ""10"": 512, ""11"": 512, ""12"": 512, ""13"": 512, ""14"": 512, ""15"": 512}","{""8"": 2137088, ""9"": 2137088, ""10"": 2137088, ""11"": 2137088, ""12"": 2137088, ""13"": 2137088, ""14"": 2137088, ""15"": 2137088}",17096704,8,1.0,0.0,0.125,0.125,0.875,0.125,981758,655069.488279,981510,654101.53789,,,,,matched,Stripe path cardinality is bounded by active ingress cardinality.,-35.85765,62.239861,0.104895,n8|s47,True
p-neutral-long-flow-all,path-scope-region,treatment,p-neutral-long-flow-short,micro-scope-neutral,single-long,PER_FLOW_ALL_PATHS,HASH64,3,none,0,8388608,1,20ns,1.0,0,0,RTP,detailed,success,1,1,171.278594,171.278594,171.278594,171.278594,391.811157,"{""1"": 0, ""2"": 2048, ""3"": 0}","{""1"": 0, ""2"": 8548352, ""3"": 0}",8548352,1,0.333333,1.414214,1.0,0.0,1.0,0.0,968368,840007.71144,124,123.94235,2176,0,0.0,0,matched,A single per-flow hash may choose any one candidate from the all-path set.,-0.082464,0.082532,0.0,micro-scope-neutral|single-long,True
p-neutral-long-packet-all,path-scope-region,treatment,p-neutral-long-packet-short,micro-scope-neutral,single-long,PER_PACKET_ALL_PATHS,HASH64,3,none,0,8388608,1,20ns,1.0,0,0,RTP,detailed,success,1,1,59.980204,59.980204,59.980204,59.980204,1118.850213,"{""1"": 678, ""2"": 682, ""3"": 688}","{""1"": 2829972, ""2"": 2846668, ""3"": 2871712}",8548352,3,0.999964,0.00602,0.335938,0.335938,0.668945,0.331055,133816,65705.036938,133816,65705.036938,2176,1025,471.047794,1,matched,All-path treatment was checked for actual detour use.,-65.009789,185.794216,0.66663,micro-scope-neutral|single-long,True
p-neutral-many-flow-all,path-scope-region,treatment,p-neutral-many-flow-short,micro-scope-neutral,many-medium,PER_FLOW_ALL_PATHS,HASH64,3,none,0,262144,32,20ns,1.0,0,0,RTP,detailed,success,32,32,150.575585,149.907714,169.942914,171.278594,391.811157,"{""1"": 0, ""2"": 2048, ""3"": 0}","{""1"": 0, ""2"": 8548352, ""3"": 0}",8548352,1,0.333333,1.414214,1.0,0.0,1.0,0.0,968368,840007.71144,124,123.94235,2176,0,0.0,0,matched,All-path treatment was checked for actual detour use.,-0.081655,0.082532,0.0,micro-scope-neutral|many-medium,True
p-neutral-many-packet-all,path-scope-region,treatment,p-neutral-many-packet-short,micro-scope-neutral,many-medium,PER_PACKET_ALL_PATHS,HASH64,3,none,0,262144,32,20ns,1.0,0,0,RTP,detailed,success,32,32,52.870925,52.672466,59.561564,59.980204,1118.850213,"{""1"": 678, ""2"": 682, ""3"": 688}","{""1"": 2829972, ""2"": 2846668, ""3"": 2871712}",8548352,3,0.999964,0.00602,0.335938,0.335938,0.668945,0.331055,133816,65705.036938,133816,65705.036938,2176,415,190.716912,32,matched,All-path treatment was checked for actual detour use.,-64.980635,185.794216,0.66663,micro-scope-neutral|many-medium,True
p-capacity-long-flow-all,path-scope-region,treatment,p-capacity-long-flow-short,micro-scope-capacity,single-long,PER_FLOW_ALL_PATHS,HASH64,3,none,0,8388608,1,20ns,1.0,0,0,RTP,detailed,success,1,1,171.279388,171.279388,171.279388,171.279388,391.80934,"{""1"": 0, ""2"": 2048, ""3"": 0}","{""1"": 0, ""2"": 8548352, ""3"": 0}",8548352,1,0.333333,1.414214,1.0,0.0,1.0,0.0,968368,839978.170211,124,123.944045,2176,0,0.0,0,matched,A single per-flow hash may choose any one candidate from the all-path set.,-74.996051,299.93683,0.0,micro-scope-capacity|single-long,True
p-capacity-many-flow-all,path-scope-region,treatment,p-capacity-many-flow-short,micro-scope-capacity,many-medium,PER_FLOW_ALL_PATHS,HASH64,3,none,0,262144,32,20ns,1.0,0,0,RTP,detailed,success,32,32,150.576379,149.908508,169.943708,171.279388,391.80934,"{""1"": 0, ""2"": 2048, ""3"": 0}","{""1"": 0, ""2"": 8548352, ""3"": 0}",8548352,1,0.333333,1.414214,1.0,0.0,1.0,0.0,968368,839978.170211,124,123.944045,2176,0,0.0,0,matched,All-path treatment was checked for actual detour use.,-74.995655,299.93683,0.0,micro-scope-capacity|many-medium,True
p-latency-long-flow-short,path-scope-region,control,p-latency-long-flow-short,micro-scope-latency,single-long,PER_FLOW_SHORTEST_PATHS,HASH64,3,none,0,8388608,1,20ns,1.0,0,0,RTP,detailed,success,1,1,171.419954,171.419954,171.419954,171.419954,391.488053,"{""1"": 2048, ""2"": 0, ""3"": 0}","{""1"": 8548352, ""2"": 0, ""3"": 0}",8548352,1,0.333333,1.414214,1.0,0.0,0.0,1.0,969298,836938.794313,969298,836938.794313,2176,0,0.0,0,matched,Shortest-only route scope was checked from branch-port bytes.,0.0,0.0,0.0,micro-scope-latency|single-long,True
p-latency-long-packet-short,path-scope-region,control,p-latency-long-packet-short,micro-scope-latency,single-long,PER_PACKET_SHORTEST_PATHS,HASH64,3,none,0,8388608,1,20ns,1.0,0,0,RTP,detailed,success,1,1,171.419954,171.419954,171.419954,171.419954,391.488053,"{""1"": 2048, ""2"": 0, ""3"": 0}","{""1"": 8548352, ""2"": 0, ""3"": 0}",8548352,1,0.333333,1.414214,1.0,0.0,0.0,1.0,969298,836938.794313,969298,836938.794313,2176,0,0.0,0,matched,Shortest-only route scope was checked from branch-port bytes.,0.0,0.0,0.0,micro-scope-latency|single-long,True
p-latency-many-flow-short,path-scope-region,control,p-latency-many-flow-short,micro-scope-latency,many-medium,PER_FLOW_SHORTEST_PATHS,HASH64,3,none,0,262144,32,20ns,1.0,0,0,RTP,detailed,success,32,32,150.697253,150.029234,170.081794,171.419954,391.488053,"{""1"": 2048, ""2"": 0, ""3"": 0}","{""1"": 8548352, ""2"": 0, ""3"": 0}",8548352,1,0.333333,1.414214,1.0,0.0,0.0,1.0,969298,836938.794313,969298,836938.794313,2176,0,0.0,0,matched,Shortest-only route scope was checked from branch-port bytes.,0.0,0.0,0.0,micro-scope-latency|many-medium,True
p-latency-many-packet-short,path-scope-region,control,p-latency-many-packet-short,micro-scope-latency,many-medium,PER_PACKET_SHORTEST_PATHS,HASH64,3,none,0,262144,32,20ns,1.0,0,0,RTP,detailed,success,32,32,150.697253,150.029234,170.081794,171.419954,391.488053,"{""1"": 2048, ""2"": 0, ""3"": 0}","{""1"": 8548352, ""2"": 0, ""3"": 0}",8548352,1,0.333333,1.414214,1.0,0.0,0.0,1.0,969298,836938.794313,969298,836938.794313,2176,0,0.0,0,matched,Shortest-only route scope was checked from branch-port bytes.,0.0,0.0,0.0,micro-scope-latency|many-medium,True
