test,variant,scope,tasks,max_complete_us,avg_complete_us,min_throughput_Gbps,avg_throughput_Gbps,stats
test01_tp_all_gather,case01_standard,NONE,2,39.23824,39.23824,5132.1852,5132.1852,scratch/pod1d_no_access_pairwise_2mb_full_ps/test01_tp_all_gather/case01_standard/output/task_statistics.csv
test01_tp_all_gather,case02_host_l1_lane_down,POD_LOCAL,2,40.449448,40.4398575,4978.4703,4979.6515500000005,scratch/pod1d_no_access_pairwise_2mb_full_ps/test01_tp_all_gather/case02_host_l1_lane_down/output/task_statistics.csv
test01_tp_all_gather,case03_host_l1_port_down,POD_LOCAL,2,41.05605,41.05605,4904.8956,4904.8956,scratch/pod1d_no_access_pairwise_2mb_full_ps/test01_tp_all_gather/case03_host_l1_port_down/output/task_statistics.csv
test01_tp_all_gather,case04_l1_l2_lane_down,NONE,2,39.23824,39.23824,5132.1852,5132.1852,scratch/pod1d_no_access_pairwise_2mb_full_ps/test01_tp_all_gather/case04_l1_l2_lane_down/output/task_statistics.csv
test01_tp_all_gather,case05_l1_l2_port_down,NONE,2,39.23824,39.23824,5132.1852,5132.1852,scratch/pod1d_no_access_pairwise_2mb_full_ps/test01_tp_all_gather/case05_l1_l2_port_down/output/task_statistics.csv
test02_cp_all_to_all,case01_standard,NONE,12,206.835275,206.36194091666667,1703.4743,1707.3851083333332,scratch/pod1d_no_access_pairwise_2mb_full_ps/test02_cp_all_to_all/case01_standard/output/task_statistics.csv
test02_cp_all_to_all,case02_host_l1_lane_down,POD_LOCAL,12,215.021448,209.7204715,1638.6176,1681.0150166666665,scratch/pod1d_no_access_pairwise_2mb_full_ps/test02_cp_all_to_all/case02_host_l1_lane_down/output/task_statistics.csv
test02_cp_all_to_all,case03_host_l1_port_down,POD_LOCAL,12,216.736112,209.732179,1625.6534,1683.5426416666667,scratch/pod1d_no_access_pairwise_2mb_full_ps/test02_cp_all_to_all/case03_host_l1_port_down/output/task_statistics.csv
test02_cp_all_to_all,case04_l1_l2_lane_down,NONE,12,206.835275,206.36194091666667,1703.4743,1707.3851083333332,scratch/pod1d_no_access_pairwise_2mb_full_ps/test02_cp_all_to_all/case04_l1_l2_lane_down/output/task_statistics.csv
test02_cp_all_to_all,case05_l1_l2_port_down,NONE,12,206.835275,206.36194091666667,1703.4743,1707.3851083333332,scratch/pod1d_no_access_pairwise_2mb_full_ps/test02_cp_all_to_all/case05_l1_l2_port_down/output/task_statistics.csv
test03_tp_reduce_scatter,case01_standard,NONE,2,182.653658,182.653658,5144.028,5144.028,scratch/pod1d_no_access_pairwise_2mb_full_ps/test03_tp_reduce_scatter/case01_standard/output/task_statistics.csv
test03_tp_reduce_scatter,case02_host_l1_lane_down,POD_LOCAL,2,186.896575,186.8922335,5027.2423,5027.3591,scratch/pod1d_no_access_pairwise_2mb_full_ps/test03_tp_reduce_scatter/case02_host_l1_lane_down/output/task_statistics.csv
test03_tp_reduce_scatter,case03_host_l1_port_down,POD_LOCAL,2,190.57829,190.57829,4930.1177,4930.1177,scratch/pod1d_no_access_pairwise_2mb_full_ps/test03_tp_reduce_scatter/case03_host_l1_port_down/output/task_statistics.csv
test03_tp_reduce_scatter,case04_l1_l2_lane_down,NONE,2,182.653658,182.653658,5144.028,5144.028,scratch/pod1d_no_access_pairwise_2mb_full_ps/test03_tp_reduce_scatter/case04_l1_l2_lane_down/output/task_statistics.csv
test03_tp_reduce_scatter,case05_l1_l2_port_down,NONE,2,182.653658,182.653658,5144.028,5144.028,scratch/pod1d_no_access_pairwise_2mb_full_ps/test03_tp_reduce_scatter/case05_l1_l2_port_down/output/task_statistics.csv
test04_tp_reduce_scatter,case01_standard,NONE,2,91.721864,91.721864,5122.1514,5122.1514,scratch/pod1d_no_access_pairwise_2mb_full_ps/test04_tp_reduce_scatter/case01_standard/output/task_statistics.csv
test04_tp_reduce_scatter,case02_host_l1_lane_down,POD_LOCAL,2,94.159502,94.14850100000001,4989.533,4990.11615,scratch/pod1d_no_access_pairwise_2mb_full_ps/test04_tp_reduce_scatter/case02_host_l1_lane_down/output/task_statistics.csv
test04_tp_reduce_scatter,case03_host_l1_port_down,POD_LOCAL,2,95.373842,95.373842,4925.9975,4925.9975,scratch/pod1d_no_access_pairwise_2mb_full_ps/test04_tp_reduce_scatter/case03_host_l1_port_down/output/task_statistics.csv
test04_tp_reduce_scatter,case04_l1_l2_lane_down,NONE,2,91.721864,91.721864,5122.1514,5122.1514,scratch/pod1d_no_access_pairwise_2mb_full_ps/test04_tp_reduce_scatter/case04_l1_l2_lane_down/output/task_statistics.csv
test04_tp_reduce_scatter,case05_l1_l2_port_down,NONE,2,91.721864,91.721864,5122.1514,5122.1514,scratch/pod1d_no_access_pairwise_2mb_full_ps/test04_tp_reduce_scatter/case05_l1_l2_port_down/output/task_statistics.csv
test05_ep_all_to_all,case01_standard,NONE,12,617.774081,617.3477404166666,1710.9519,1712.134,scratch/pod1d_no_access_pairwise_2mb_full_ps/test05_ep_all_to_all/case01_standard/output/task_statistics.csv
test05_ep_all_to_all,case02_host_l1_lane_down,POD_LOCAL,12,639.488716,628.3272727499999,1652.8535,1683.1223583333333,scratch/pod1d_no_access_pairwise_2mb_full_ps/test05_ep_all_to_all/case02_host_l1_lane_down/output/task_statistics.csv
test05_ep_all_to_all,case03_host_l1_port_down,POD_LOCAL,12,644.761014,628.9566851666667,1639.3376,1681.293825,scratch/pod1d_no_access_pairwise_2mb_full_ps/test05_ep_all_to_all/case03_host_l1_port_down/output/task_statistics.csv
test05_ep_all_to_all,case04_l1_l2_lane_down,NONE,12,617.774081,617.3477404166666,1710.9519,1712.134,scratch/pod1d_no_access_pairwise_2mb_full_ps/test05_ep_all_to_all/case04_l1_l2_lane_down/output/task_statistics.csv
test05_ep_all_to_all,case05_l1_l2_port_down,NONE,12,617.774081,617.3477404166666,1710.9519,1712.134,scratch/pod1d_no_access_pairwise_2mb_full_ps/test05_ep_all_to_all/case05_l1_l2_port_down/output/task_statistics.csv
test06_pp_send_recv,case01_standard,NONE,8,381.564328,379.43564925,4924.7199,4952.5982875,scratch/pod1d_no_access_pairwise_2mb_full_ps/test06_pp_send_recv/case01_standard/output/task_statistics.csv
test06_pp_send_recv,case02_host_l1_lane_down,POD_LOCAL,8,384.384336,377.539634875,4888.5891,4978.0887999999995,scratch/pod1d_no_access_pairwise_2mb_full_ps/test06_pp_send_recv/case02_host_l1_lane_down/output/task_statistics.csv
test06_pp_send_recv,case03_host_l1_port_down,POD_LOCAL,8,386.24759,380.253887,4865.006,4942.36585,scratch/pod1d_no_access_pairwise_2mb_full_ps/test06_pp_send_recv/case03_host_l1_port_down/output/task_statistics.csv
test06_pp_send_recv,case04_l1_l2_lane_down,NONE,8,381.476178,378.6162455,4925.8579,4963.5062125,scratch/pod1d_no_access_pairwise_2mb_full_ps/test06_pp_send_recv/case04_l1_l2_lane_down/output/task_statistics.csv
test06_pp_send_recv,case05_l1_l2_port_down,NONE,8,382.583382,379.150712625,4911.602,4956.3203,scratch/pod1d_no_access_pairwise_2mb_full_ps/test06_pp_send_recv/case05_l1_l2_port_down/output/task_statistics.csv
test07_dp_reduce_scatter,case01_standard,NONE,342,1658.871241,869.8583263918129,4795.5218,5041.728598538011,scratch/pod1d_no_access_pairwise_2mb_full_ps/test07_dp_reduce_scatter/case01_standard/output/task_statistics.csv
test07_dp_reduce_scatter,case02_host_l1_lane_down,POD_LOCAL,342,3416.313719,1712.8861901374269,2323.5755,4738.014871929825,scratch/pod1d_no_access_pairwise_2mb_full_ps/test07_dp_reduce_scatter/case02_host_l1_lane_down/output/task_statistics.csv
test07_dp_reduce_scatter,case03_host_l1_port_down,POD_LOCAL,342,1707.182686,895.634759116959,4590.6847,5016.418032163742,scratch/pod1d_no_access_pairwise_2mb_full_ps/test07_dp_reduce_scatter/case03_host_l1_port_down/output/task_statistics.csv
test07_dp_reduce_scatter,case04_l1_l2_lane_down,NONE,342,1659.762706,870.063271494152,4793.0328,5043.4225523391815,scratch/pod1d_no_access_pairwise_2mb_full_ps/test07_dp_reduce_scatter/case04_l1_l2_lane_down/output/task_statistics.csv
test07_dp_reduce_scatter,case05_l1_l2_port_down,NONE,342,1661.917575,871.4948827222222,4794.796,5041.220359649123,scratch/pod1d_no_access_pairwise_2mb_full_ps/test07_dp_reduce_scatter/case05_l1_l2_port_down/output/task_statistics.csv
test08_dp_all_gather,case01_standard,NONE,342,1357.979735,714.8825621900585,4981.4878,5113.01720994152,scratch/pod1d_no_access_pairwise_2mb_full_ps/test08_dp_all_gather/case01_standard/output/task_statistics.csv
test08_dp_all_gather,case02_host_l1_lane_down,POD_LOCAL,342,2666.167827,1343.2852793274853,2508.1802,4796.683549122807,scratch/pod1d_no_access_pairwise_2mb_full_ps/test08_dp_all_gather/case02_host_l1_lane_down/output/task_statistics.csv
test08_dp_all_gather,case03_host_l1_port_down,POD_LOCAL,342,1462.000659,764.6585435701754,4555.369,5062.863714912281,scratch/pod1d_no_access_pairwise_2mb_full_ps/test08_dp_all_gather/case03_host_l1_port_down/output/task_statistics.csv
test08_dp_all_gather,case04_l1_l2_lane_down,NONE,342,1359.480433,715.992673,4952.8298,5111.293942690058,scratch/pod1d_no_access_pairwise_2mb_full_ps/test08_dp_all_gather/case04_l1_l2_lane_down/output/task_statistics.csv
test08_dp_all_gather,case05_l1_l2_port_down,NONE,342,1360.446091,716.2560961871345,4962.0127,5111.516127777778,scratch/pod1d_no_access_pairwise_2mb_full_ps/test08_dp_all_gather/case05_l1_l2_port_down/output/task_statistics.csv
test09_dp_reduce_scatter,case01_standard,NONE,342,1357.979735,714.8825621900585,4981.4878,5113.01720994152,scratch/pod1d_no_access_pairwise_2mb_full_ps/test09_dp_reduce_scatter/case01_standard/output/task_statistics.csv
test09_dp_reduce_scatter,case02_host_l1_lane_down,POD_LOCAL,342,2666.167827,1343.2852793274853,2508.1802,4796.683549122807,scratch/pod1d_no_access_pairwise_2mb_full_ps/test09_dp_reduce_scatter/case02_host_l1_lane_down/output/task_statistics.csv
test09_dp_reduce_scatter,case03_host_l1_port_down,POD_LOCAL,342,1462.000659,764.6585435701754,4555.369,5062.863714912281,scratch/pod1d_no_access_pairwise_2mb_full_ps/test09_dp_reduce_scatter/case03_host_l1_port_down/output/task_statistics.csv
test09_dp_reduce_scatter,case04_l1_l2_lane_down,NONE,342,1359.480433,715.992673,4952.8298,5111.293942690058,scratch/pod1d_no_access_pairwise_2mb_full_ps/test09_dp_reduce_scatter/case04_l1_l2_lane_down/output/task_statistics.csv
test09_dp_reduce_scatter,case05_l1_l2_port_down,NONE,342,1360.446091,716.2560961871345,4962.0127,5111.516127777778,scratch/pod1d_no_access_pairwise_2mb_full_ps/test09_dp_reduce_scatter/case05_l1_l2_port_down/output/task_statistics.csv
